# danceability,energy,key,loudness,mode,speechiness,acousticness,instrumentalness,liveness,valence,tempo,duration_ms,time_signature,liked
7.289999999999999813e-01,5.330000000000000293e-01,9.000000000000000000e+00,-1.010399999999999920e+01,0.000000000000000000e+00,4.440000000000000058e-01,7.469999999999999973e-01,4.539999999999999731e-06,8.480000000000000038e-02,4.219999999999999862e-01,1.559989999999999952e+02,2.259530000000000000e+05,4.000000000000000000e+00,0.000000000000000000e+00
5.709999999999999520e-01,9.959999999999999964e-01,1.000000000000000000e+01,-4.907000000000000028e+00,0.000000000000000000e+00,2.149999999999999967e-01,4.929999999999999893e-05,6.009999999999999787e-01,1.869999999999999996e-01,4.680000000000000132e-02,9.499200000000000443e+01,2.116930000000000000e+05,4.000000000000000000e+00,0.000000000000000000e+00
2.300000000000000100e-01,4.870000000000000023e-02,5.000000000000000000e+00,-2.767500000000000071e+01,1.000000000000000000e+00,4.120000000000000051e-02,9.859999999999999876e-01,9.449999999999999512e-01,6.790000000000000202e-02,1.010000000000000064e-01,1.348389999999999986e+02,2.036560000000000000e+05,5.000000000000000000e+00,0.000000000000000000e+00
1.910000000000000031e-01,3.169999999999999901e-02,9.000000000000000000e+00,-3.561599999999999966e+01,0.000000000000000000e+00,4.070000000000000007e-02,9.839999999999999858e-01,8.880000000000000115e-01,9.740000000000000047e-02,1.419999999999999873e-01,1.359739999999999895e+02,1.507330000000000000e+05,3.000000000000000000e+00,0.000000000000000000e+00
6.989999999999999547e-01,6.099999999999999867e-01,9.000000000000000000e+00,-6.900000000000000355e+00,1.000000000000000000e+00,2.310000000000000109e-01,1.529999999999999893e-03,1.749999999999999974e-06,3.689999999999999947e-01,5.769999999999999574e-01,1.701030000000000086e+02,2.040000000000000000e+05,4.000000000000000000e+00,1.000000000000000000e+00
5.919999999999999707e-01,3.709999999999999964e-01,9.000000000000000000e+00,-9.964999999999999858e+00,0.000000000000000000e+00,4.370000000000000273e-02,4.000000000000000222e-01,3.669999999999999760e-04,9.529999999999999583e-02,1.970000000000000084e-01,1.279659999999999940e+02,3.165460000000000000e+05,4.000000000000000000e+00,0.000000000000000000e+00
6.510000000000000231e-01,6.390000000000000124e-01,3.000000000000000000e+00,-7.836000000000000298e+00,0.000000000000000000e+00,5.829999999999999766e-02,1.899999999999999953e-02,0.000000000000000000e+00,5.220000000000000334e-02,7.580000000000000071e-01,1.577379999999999995e+02,2.474400000000000000e+05,4.000000000000000000e+00,0.000000000000000000e+00
6.400000000000000133e-01,8.519999999999999796e-01,5.000000000000000000e+00,-6.809999999999999609e+00,0.000000000000000000e+00,3.899999999999999994e-02,4.179999999999999688e-03,1.080000000000000036e-06,1.459999999999999909e-01,8.609999999999999876e-01,1.450089999999999861e+02,1.900000000000000000e+05,4.000000000000000000e+00,1.000000000000000000e+00
9.010000000000000231e-01,9.389999999999999458e-01,6.000000000000000000e+00,-2.762000000000000011e+00,1.000000000000000000e+00,2.740000000000000213e-01,1.170000000000000068e-01,0.000000000000000000e+00,6.429999999999999605e-02,8.050000000000000488e-01,1.429480000000000075e+02,3.563470000000000000e+05,4.000000000000000000e+00,1.000000000000000000e+00
7.970000000000000417e-01,6.540000000000000258e-01,8.000000000000000000e+00,-7.373000000000000220e+00,1.000000000000000000e+00,2.449999999999999956e-01,6.330000000000000071e-01,0.000000000000000000e+00,1.059999999999999970e-01,6.400000000000000133e-01,1.451210000000000093e+02,1.725200000000000000e+05,4.000000000000000000e+00,1.000000000000000000e+00
6.800000000000000488e-01,8.770000000000000018e-01,5.000000000000000000e+00,-1.024099999999999966e+01,0.000000000000000000e+00,3.529999999999999805e-02,1.910000000000000031e-01,6.560000000000000076e-04,3.489999999999999769e-01,9.220000000000000417e-01,1.086740000000000066e+02,1.851070000000000000e+05,4.000000000000000000e+00,0.000000000000000000e+00
6.879999999999999449e-01,5.689999999999999503e-01,1.000000000000000000e+01,-7.006999999999999673e+00,0.000000000000000000e+00,3.749999999999999861e-02,3.920000000000000151e-01,1.749999999999999982e-04,1.199999999999999956e-01,3.589999999999999858e-01,1.090409999999999968e+02,2.523730000000000000e+05,4.000000000000000000e+00,0.000000000000000000e+00
2.969999999999999862e-01,9.729999999999999760e-01,1.000000000000000000e+00,-4.504999999999999893e+00,1.000000000000000000e+00,1.509999999999999953e-01,1.459999999999999926e-03,9.180000000000000382e-01,1.390000000000000124e-01,2.340000000000000135e-01,1.027570000000000050e+02,1.705200000000000000e+05,4.000000000000000000e+00,0.000000000000000000e+00
8.699999999999999956e-01,5.649999999999999467e-01,6.000000000000000000e+00,-8.884000000000000341e+00,0.000000000000000000e+00,2.300000000000000100e-01,6.410000000000000142e-01,0.000000000000000000e+00,6.880000000000000004e-02,6.189999999999999947e-01,7.999299999999999500e+01,1.710000000000000000e+05,4.000000000000000000e+00,1.000000000000000000e+00
7.870000000000000329e-01,5.719999999999999529e-01,1.000000000000000000e+00,-7.516000000000000014e+00,1.000000000000000000e+00,2.220000000000000029e-01,1.449999999999999900e-01,0.000000000000000000e+00,7.530000000000000582e-02,6.470000000000000195e-01,1.551169999999999902e+02,1.794130000000000000e+05,4.000000000000000000e+00,1.000000000000000000e+00
5.809999999999999609e-01,8.499999999999999778e-01,5.000000000000000000e+00,-3.450000000000000178e+00,0.000000000000000000e+00,7.340000000000000691e-02,1.849999999999999978e-01,4.600000000000000139e-04,1.489999999999999936e-01,3.569999999999999840e-01,1.520180000000000007e+02,1.788090000000000000e+05,4.000000000000000000e+00,1.000000000000000000e+00
7.740000000000000213e-01,8.529999999999999805e-01,1.000000000000000000e+00,-6.932999999999999829e+00,1.000000000000000000e+00,2.459999999999999964e-01,2.750000000000000014e-02,0.000000000000000000e+00,8.759999999999999731e-02,6.189999999999999947e-01,1.230409999999999968e+02,1.060000000000000000e+05,4.000000000000000000e+00,1.000000000000000000e+00
9.010000000000000231e-01,6.530000000000000249e-01,1.000000000000000000e+00,-6.198999999999999844e+00,1.000000000000000000e+00,3.079999999999999960e-01,4.660000000000000253e-01,0.000000000000000000e+00,2.099999999999999922e-01,5.510000000000000453e-01,1.329790000000000134e+02,1.739870000000000000e+05,4.000000000000000000e+00,1.000000000000000000e+00
6.570000000000000284e-01,3.330000000000000182e-01,8.000000000000000000e+00,-1.355300000000000082e+01,1.000000000000000000e+00,5.260000000000000231e-01,6.079999999999999988e-02,0.000000000000000000e+00,1.570000000000000007e-01,3.130000000000000004e-01,1.481680000000000064e+02,9.861500000000000000e+04,4.000000000000000000e+00,1.000000000000000000e+00
7.489999999999999991e-01,8.389999999999999680e-01,6.000000000000000000e+00,-4.847000000000000419e+00,1.000000000000000000e+00,2.969999999999999862e-01,8.669999999999999929e-02,0.000000000000000000e+00,2.039999999999999869e-01,8.040000000000000480e-01,1.720680000000000121e+02,1.110000000000000000e+05,4.000000000000000000e+00,1.000000000000000000e+00
7.500000000000000000e-01,7.720000000000000195e-01,1.000000000000000000e+01,-8.705999999999999517e+00,0.000000000000000000e+00,1.570000000000000007e-01,2.059999999999999887e-01,0.000000000000000000e+00,7.480000000000000537e-02,5.610000000000000542e-01,1.399799999999999898e+02,2.244960000000000000e+05,4.000000000000000000e+00,1.000000000000000000e+00
7.800000000000000266e-01,5.510000000000000453e-01,5.000000000000000000e+00,-1.303800000000000026e+01,0.000000000000000000e+00,6.250000000000000000e-02,6.130000000000000032e-02,1.039999999999999952e-01,3.309999999999999748e-02,9.689999999999999725e-01,1.260090000000000003e+02,4.919330000000000000e+05,4.000000000000000000e+00,0.000000000000000000e+00
8.950000000000000178e-01,4.789999999999999813e-01,1.100000000000000000e+01,-9.070999999999999730e+00,0.000000000000000000e+00,2.730000000000000204e-01,2.079999999999999905e-01,0.000000000000000000e+00,9.020000000000000240e-02,7.189999999999999725e-01,1.460490000000000066e+02,1.345540000000000000e+05,4.000000000000000000e+00,1.000000000000000000e+00
6.660000000000000364e-01,5.889999999999999680e-01,0.000000000000000000e+00,-8.404999999999999361e+00,0.000000000000000000e+00,3.240000000000000102e-01,5.550000000000000488e-01,0.000000000000000000e+00,1.140000000000000041e-01,7.760000000000000231e-01,7.497400000000000375e+01,1.460530000000000000e+05,4.000000000000000000e+00,1.000000000000000000e+00
4.520000000000000129e-01,9.619999999999999662e-01,1.100000000000000000e+01,-3.063000000000000167e+00,0.000000000000000000e+00,8.309999999999999332e-02,9.010000000000000647e-03,0.000000000000000000e+00,6.500000000000000222e-02,5.659999999999999476e-01,1.640320000000000107e+02,2.088270000000000000e+05,4.000000000000000000e+00,1.000000000000000000e+00
5.310000000000000275e-01,8.030000000000000471e-01,8.000000000000000000e+00,-3.928999999999999826e+00,0.000000000000000000e+00,3.390000000000000235e-01,3.250000000000000111e-01,0.000000000000000000e+00,3.679999999999999938e-01,4.139999999999999791e-01,9.751000000000000512e+01,1.911330000000000000e+05,5.000000000000000000e+00,1.000000000000000000e+00
6.079999999999999849e-01,4.709999999999999742e-01,0.000000000000000000e+00,-8.663999999999999702e+00,1.000000000000000000e+00,9.450000000000000067e-02,4.460000000000000075e-01,3.629999999999999973e-06,3.689999999999999947e-01,6.820000000000000506e-01,7.070199999999999818e+01,1.658000000000000000e+05,3.000000000000000000e+00,0.000000000000000000e+00
7.840000000000000302e-01,6.999999999999999556e-01,7.000000000000000000e+00,-7.649000000000000021e+00,0.000000000000000000e+00,1.079999999999999988e-01,4.909999999999999920e-01,0.000000000000000000e+00,1.079999999999999988e-01,7.690000000000000169e-01,8.202800000000000580e+01,1.900670000000000000e+05,4.000000000000000000e+00,0.000000000000000000e+00
7.980000000000000426e-01,7.459999999999999964e-01,1.000000000000000000e+01,-8.638999999999999346e+00,1.000000000000000000e+00,3.130000000000000143e-02,3.039999999999999994e-02,3.609999999999999876e-01,7.030000000000000138e-02,9.649999999999999689e-01,1.285529999999999973e+02,6.552130000000000000e+05,4.000000000000000000e+00,0.000000000000000000e+00
2.909999999999999809e-01,9.799999999999999822e-01,1.000000000000000000e+00,-5.137999999999999901e+00,1.000000000000000000e+00,1.529999999999999971e-01,1.270000000000000078e-03,9.099999999999999756e-02,1.019999999999999934e-01,2.570000000000000062e-01,7.979200000000000159e+01,2.709200000000000000e+05,4.000000000000000000e+00,0.000000000000000000e+00
7.149999999999999689e-01,6.820000000000000506e-01,7.000000000000000000e+00,-7.714000000000000412e+00,1.000000000000000000e+00,1.000000000000000056e-01,3.250000000000000111e-01,4.199999999999999598e-06,9.279999999999999361e-02,1.360000000000000098e-01,1.030370000000000061e+02,2.300130000000000000e+05,4.000000000000000000e+00,0.000000000000000000e+00
7.970000000000000417e-01,4.680000000000000271e-01,2.000000000000000000e+00,-9.279999999999999361e+00,0.000000000000000000e+00,2.779999999999999832e-02,5.999999999999999778e-01,2.979999999999999929e-05,6.230000000000000121e-02,6.280000000000000027e-01,1.086280000000000001e+02,2.484400000000000000e+05,4.000000000000000000e+00,0.000000000000000000e+00
8.750000000000000000e-01,4.739999999999999769e-01,1.000000000000000000e+00,-8.240000000000000213e+00,1.000000000000000000e+00,2.760000000000000231e-01,2.999999999999999889e-01,1.069999999999999920e-06,1.130000000000000032e-01,5.580000000000000515e-01,1.380269999999999868e+02,1.464800000000000000e+05,4.000000000000000000e+00,1.000000000000000000e+00
8.259999999999999565e-01,5.560000000000000497e-01,5.000000000000000000e+00,-8.516000000000000014e+00,0.000000000000000000e+00,1.910000000000000031e-01,6.840000000000000524e-01,0.000000000000000000e+00,1.189999999999999947e-01,5.909999999999999698e-01,1.500670000000000073e+02,1.870060000000000000e+05,4.000000000000000000e+00,1.000000000000000000e+00
3.920000000000000151e-01,5.360000000000000181e-02,4.000000000000000000e+00,-2.339900000000000091e+01,1.000000000000000000e+00,5.709999999999999798e-02,9.949999999999999956e-01,8.669999999999999929e-01,8.079999999999999682e-02,4.170000000000000095e-02,7.128600000000000136e+01,2.344670000000000000e+05,4.000000000000000000e+00,0.000000000000000000e+00
6.959999999999999520e-01,8.050000000000000488e-01,1.000000000000000000e+00,-7.081999999999999851e+00,1.000000000000000000e+00,2.530000000000000027e-01,2.030000000000000138e-01,7.600000000000000080e-06,2.270000000000000073e-01,2.829999999999999738e-01,1.317160000000000082e+02,1.494220000000000000e+05,4.000000000000000000e+00,1.000000000000000000e+00
8.090000000000000524e-01,6.530000000000000249e-01,0.000000000000000000e+00,-7.177999999999999936e+00,0.000000000000000000e+00,3.059999999999999942e-01,3.350000000000000200e-01,0.000000000000000000e+00,1.100000000000000006e-01,6.390000000000000124e-01,1.399809999999999945e+02,1.990930000000000000e+05,4.000000000000000000e+00,1.000000000000000000e+00
7.940000000000000391e-01,6.590000000000000302e-01,7.000000000000000000e+00,-7.062999999999999723e+00,0.000000000000000000e+00,4.979999999999999705e-02,1.429999999999999882e-01,2.239999999999999804e-03,9.439999999999999780e-02,3.079999999999999960e-01,1.120190000000000055e+02,2.474600000000000000e+05,4.000000000000000000e+00,0.000000000000000000e+00
8.319999999999999618e-01,5.530000000000000471e-01,7.000000000000000000e+00,-1.370500000000000007e+01,1.000000000000000000e+00,4.870000000000000023e-02,4.220000000000000140e-02,3.559999999999999797e-03,2.489999999999999991e-01,8.900000000000000133e-01,1.198250000000000028e+02,2.156930000000000000e+05,4.000000000000000000e+00,0.000000000000000000e+00
8.289999999999999591e-01,7.079999999999999627e-01,1.000000000000000000e+01,-5.049999999999999822e+00,1.000000000000000000e+00,1.019999999999999934e-01,3.290000000000000147e-01,0.000000000000000000e+00,9.299999999999999933e-02,7.229999999999999760e-01,1.399610000000000127e+02,2.038130000000000000e+05,4.000000000000000000e+00,1.000000000000000000e+00
4.540000000000000147e-01,9.679999999999999716e-01,6.000000000000000000e+00,-6.288999999999999702e+00,1.000000000000000000e+00,7.870000000000000606e-02,1.730000000000000038e-05,3.380000000000000226e-01,4.719999999999999890e-02,5.350000000000000311e-01,1.039650000000000034e+02,2.502620000000000000e+05,4.000000000000000000e+00,0.000000000000000000e+00
2.660000000000000142e-01,9.859999999999999876e-01,8.000000000000000000e+00,-8.346000000000000085e+00,0.000000000000000000e+00,1.660000000000000087e-01,3.860000000000000041e-04,7.469999999999999973e-01,4.299999999999999933e-01,3.019999999999999907e-01,8.617900000000000205e+01,2.457730000000000000e+05,4.000000000000000000e+00,0.000000000000000000e+00
7.419999999999999929e-01,4.229999999999999871e-01,1.000000000000000000e+00,-9.794999999999999929e+00,0.000000000000000000e+00,1.079999999999999988e-01,8.319999999999999618e-01,1.040000000000000038e-05,6.439999999999999891e-02,7.119999999999999662e-01,7.502599999999999625e+01,1.940000000000000000e+05,4.000000000000000000e+00,1.000000000000000000e+00
7.009999999999999565e-01,3.410000000000000253e-01,1.000000000000000000e+00,-1.225999999999999979e+01,0.000000000000000000e+00,4.179999999999999688e-02,4.989999999999999991e-01,9.030000000000000249e-01,3.589999999999999858e-01,1.630000000000000060e-01,1.055130000000000052e+02,1.515070000000000000e+05,3.000000000000000000e+00,0.000000000000000000e+00
9.220000000000000417e-01,7.119999999999999662e-01,7.000000000000000000e+00,-6.024000000000000021e+00,1.000000000000000000e+00,1.710000000000000131e-01,7.789999999999999702e-02,3.960000000000000033e-05,1.749999999999999889e-01,9.040000000000000258e-01,1.049639999999999986e+02,1.618000000000000000e+05,4.000000000000000000e+00,1.000000000000000000e+00
7.540000000000000036e-01,4.749999999999999778e-01,1.000000000000000000e+00,-1.088899999999999935e+01,1.000000000000000000e+00,1.539999999999999980e-01,5.230000000000000204e-01,0.000000000000000000e+00,1.130000000000000032e-01,2.349999999999999867e-01,1.170060000000000002e+02,2.013840000000000000e+05,4.000000000000000000e+00,1.000000000000000000e+00
8.639999999999999902e-01,6.290000000000000036e-01,1.000000000000000000e+00,-6.602000000000000313e+00,0.000000000000000000e+00,2.790000000000000258e-01,9.869999999999999607e-02,0.000000000000000000e+00,7.370000000000000162e-02,2.200000000000000011e-01,1.400250000000000057e+02,1.909720000000000000e+05,4.000000000000000000e+00,1.000000000000000000e+00
7.449999999999999956e-01,4.560000000000000164e-01,8.000000000000000000e+00,-9.481999999999999318e+00,1.000000000000000000e+00,8.740000000000000546e-02,4.400000000000000022e-01,0.000000000000000000e+00,7.199999999999999456e-02,1.239999999999999991e-01,9.403199999999999648e+01,3.143670000000000000e+05,4.000000000000000000e+00,0.000000000000000000e+00
8.509999999999999787e-01,6.860000000000000542e-01,1.100000000000000000e+01,-8.143000000000000682e+00,1.000000000000000000e+00,2.220000000000000029e-01,5.969999999999999751e-01,1.080000000000000036e-06,1.110000000000000014e-01,7.520000000000000018e-01,1.549859999999999900e+02,1.953440000000000000e+05,4.000000000000000000e+00,1.000000000000000000e+00
5.679999999999999494e-01,7.880000000000000338e-01,2.000000000000000000e+00,-7.653999999999999915e+00,1.000000000000000000e+00,6.900000000000000577e-02,1.910000000000000031e-01,1.759999999999999954e-04,7.739999999999999658e-02,3.280000000000000138e-01,1.399590000000000032e+02,2.190770000000000000e+05,4.000000000000000000e+00,1.000000000000000000e+00
8.619999999999999885e-01,6.239999999999999991e-01,3.000000000000000000e+00,-1.163000000000000078e+01,1.000000000000000000e+00,5.650000000000000161e-02,1.919999999999999832e-02,1.530000000000000056e-04,4.649999999999999967e-02,8.820000000000000062e-01,1.248960000000000008e+02,2.542400000000000000e+05,4.000000000000000000e+00,0.000000000000000000e+00
3.729999999999999982e-01,9.799999999999999822e-01,1.000000000000000000e+00,-5.016000000000000014e+00,0.000000000000000000e+00,1.219999999999999973e-01,3.190000000000000019e-04,9.060000000000000275e-01,1.049999999999999961e-01,3.400000000000000244e-01,9.734600000000000364e+01,2.119470000000000000e+05,4.000000000000000000e+00,0.000000000000000000e+00
5.999999999999999778e-01,5.350000000000000311e-01,4.000000000000000000e+00,-1.202800000000000047e+01,1.000000000000000000e+00,3.760000000000000009e-01,2.740000000000000213e-01,0.000000000000000000e+00,9.840000000000000135e-02,2.049999999999999878e-01,1.800360000000000014e+02,1.760000000000000000e+05,3.000000000000000000e+00,1.000000000000000000e+00
7.620000000000000107e-01,5.999999999999999778e-01,5.000000000000000000e+00,-7.584999999999999964e+00,0.000000000000000000e+00,9.089999999999999469e-02,5.420000000000000373e-01,0.000000000000000000e+00,8.409999999999999420e-02,3.900000000000000133e-01,1.159080000000000013e+02,3.526270000000000000e+05,4.000000000000000000e+00,0.000000000000000000e+00
8.489999999999999769e-01,8.129999999999999449e-01,1.100000000000000000e+01,-5.334999999999999964e+00,1.000000000000000000e+00,4.390000000000000013e-01,5.200000000000000178e-01,0.000000000000000000e+00,1.799999999999999933e-01,6.650000000000000355e-01,1.470389999999999873e+02,1.458530000000000000e+05,4.000000000000000000e+00,1.000000000000000000e+00
7.640000000000000124e-01,8.120000000000000551e-01,7.000000000000000000e+00,-4.945999999999999730e+00,1.000000000000000000e+00,1.789999999999999925e-01,2.020000000000000129e-01,0.000000000000000000e+00,1.260000000000000009e-01,7.419999999999999929e-01,1.399610000000000127e+02,1.949730000000000000e+05,4.000000000000000000e+00,1.000000000000000000e+00
7.510000000000000009e-01,7.199999999999999734e-01,6.000000000000000000e+00,-4.860000000000000320e+00,1.000000000000000000e+00,3.039999999999999925e-01,2.949999999999999845e-01,0.000000000000000000e+00,3.370000000000000218e-01,7.610000000000000098e-01,1.400409999999999968e+02,1.976740000000000000e+05,4.000000000000000000e+00,1.000000000000000000e+00
8.429999999999999716e-01,6.560000000000000275e-01,1.000000000000000000e+00,-1.118399999999999928e+01,1.000000000000000000e+00,5.949999999999999734e-02,4.660000000000000253e-02,1.870000000000000134e-02,1.690000000000000113e-01,9.310000000000000497e-01,1.211119999999999948e+02,2.156530000000000000e+05,4.000000000000000000e+00,0.000000000000000000e+00
6.029999999999999805e-01,8.860000000000000098e-01,5.000000000000000000e+00,-3.777000000000000135e+00,0.000000000000000000e+00,8.369999999999999662e-02,4.499999999999999877e-04,0.000000000000000000e+00,2.600000000000000089e-01,3.950000000000000178e-01,1.260250000000000057e+02,2.299330000000000000e+05,4.000000000000000000e+00,1.000000000000000000e+00
6.999999999999999556e-01,7.189999999999999725e-01,5.000000000000000000e+00,-6.120000000000000107e+00,1.000000000000000000e+00,8.999999999999999667e-02,7.249999999999999778e-01,0.000000000000000000e+00,1.160000000000000059e-01,4.289999999999999925e-01,1.439710000000000036e+02,1.490130000000000000e+05,4.000000000000000000e+00,1.000000000000000000e+00
8.020000000000000462e-01,5.490000000000000435e-01,5.000000000000000000e+00,-8.599999999999999645e+00,0.000000000000000000e+00,6.310000000000000331e-02,2.680000000000000160e-01,4.959999999999999999e-03,9.840000000000000135e-02,4.979999999999999982e-01,1.389840000000000089e+02,1.846270000000000000e+05,4.000000000000000000e+00,1.000000000000000000e+00
8.780000000000000027e-01,6.219999999999999973e-01,2.000000000000000000e+00,-6.995000000000000107e+00,1.000000000000000000e+00,4.050000000000000266e-01,1.529999999999999971e-01,0.000000000000000000e+00,9.170000000000000373e-02,6.380000000000000115e-01,8.499099999999999966e+01,1.637650000000000000e+05,4.000000000000000000e+00,1.000000000000000000e+00
4.500000000000000111e-01,9.519999999999999574e-01,2.000000000000000000e+00,-5.075000000000000178e+00,0.000000000000000000e+00,8.999999999999999667e-02,2.429999999999999977e-04,4.490000000000000067e-03,5.540000000000000480e-01,1.769999999999999907e-01,1.400459999999999923e+02,2.160330000000000000e+05,4.000000000000000000e+00,1.000000000000000000e+00
2.449999999999999956e-01,9.150000000000000355e-01,1.000000000000000000e+00,-8.992000000000000881e+00,1.000000000000000000e+00,7.180000000000000271e-02,9.859999999999999787e-05,7.039999999999999591e-01,6.330000000000000071e-01,4.819999999999999840e-01,1.010169999999999959e+02,2.287330000000000000e+05,3.000000000000000000e+00,0.000000000000000000e+00
7.469999999999999973e-01,6.660000000000000364e-01,1.100000000000000000e+01,-7.844999999999999751e+00,1.000000000000000000e+00,1.970000000000000084e-01,1.300000000000000044e-01,0.000000000000000000e+00,3.599999999999999867e-01,5.310000000000000275e-01,7.750700000000000500e+01,1.772130000000000000e+05,4.000000000000000000e+00,1.000000000000000000e+00
8.469999999999999751e-01,8.449999999999999734e-01,1.000000000000000000e+00,-2.900999999999999801e+00,0.000000000000000000e+00,3.049999999999999933e-01,2.790000000000000258e-01,0.000000000000000000e+00,5.199999999999999761e-02,6.330000000000000071e-01,1.420120000000000005e+02,1.909860000000000000e+05,4.000000000000000000e+00,1.000000000000000000e+00
2.630000000000000115e-01,2.020000000000000129e-01,1.000000000000000000e+00,-1.768700000000000117e+01,1.000000000000000000e+00,4.080000000000000293e-02,9.839999999999999858e-01,9.050000000000000266e-01,8.899999999999999578e-02,1.199999999999999956e-01,7.146200000000000330e+01,5.457470000000000000e+05,4.000000000000000000e+00,0.000000000000000000e+00
8.329999999999999627e-01,8.129999999999999449e-01,4.000000000000000000e+00,-5.708000000000000185e+00,0.000000000000000000e+00,2.899999999999999800e-01,2.439999999999999947e-01,0.000000000000000000e+00,1.280000000000000027e-01,7.049999999999999600e-01,1.540620000000000118e+02,2.177600000000000000e+05,4.000000000000000000e+00,1.000000000000000000e+00
9.150000000000000355e-01,5.510000000000000453e-01,8.000000000000000000e+00,-1.049000000000000021e+01,1.000000000000000000e+00,3.430000000000000271e-01,3.420000000000000123e-02,0.000000000000000000e+00,1.019999999999999934e-01,7.530000000000000027e-01,1.249060000000000059e+02,8.832000000000000000e+04,4.000000000000000000e+00,1.000000000000000000e+00
5.390000000000000346e-01,4.869999999999999885e-01,1.000000000000000000e+00,-9.653000000000000469e+00,1.000000000000000000e+00,2.020000000000000129e-01,3.089999999999999969e-01,0.000000000000000000e+00,9.700000000000000289e-02,3.750000000000000000e-01,1.699850000000000136e+02,1.863530000000000000e+05,4.000000000000000000e+00,0.000000000000000000e+00
8.299999999999999600e-01,6.119999999999999885e-01,1.000000000000000000e+01,-7.445999999999999730e+00,0.000000000000000000e+00,7.900000000000000078e-02,1.120000000000000023e-01,0.000000000000000000e+00,8.920000000000000151e-02,2.520000000000000018e-01,9.798900000000000432e+01,2.439560000000000000e+05,4.000000000000000000e+00,1.000000000000000000e+00
4.560000000000000164e-01,4.560000000000000164e-01,1.100000000000000000e+01,-1.605499999999999972e+01,0.000000000000000000e+00,5.349999999999999895e-02,9.729999999999999760e-01,3.529999999999999805e-01,1.859999999999999987e-01,9.739999999999999769e-01,1.444890000000000043e+02,2.106800000000000000e+05,3.000000000000000000e+00,0.000000000000000000e+00
1.839999999999999969e-01,9.739999999999999769e-01,8.000000000000000000e+00,-6.237000000000000099e+00,0.000000000000000000e+00,1.059999999999999970e-01,2.320000000000000149e-05,8.860000000000000098e-01,2.409999999999999920e-01,3.300000000000000155e-01,9.377100000000000080e+01,2.573900000000000000e+05,3.000000000000000000e+00,0.000000000000000000e+00
6.410000000000000142e-01,6.730000000000000426e-01,6.000000000000000000e+00,-7.017000000000000348e+00,0.000000000000000000e+00,8.569999999999999840e-02,4.289999999999999925e-01,0.000000000000000000e+00,1.049999999999999961e-01,7.850000000000000311e-01,1.499739999999999895e+02,1.921070000000000000e+05,4.000000000000000000e+00,1.000000000000000000e+00
2.500000000000000000e-01,9.819999999999999840e-01,1.000000000000000000e+00,-7.910999999999999588e+00,0.000000000000000000e+00,1.449999999999999900e-01,5.810000000000000277e-05,1.510000000000000112e-04,1.710000000000000131e-01,1.660000000000000087e-01,1.367069999999999936e+02,1.263330000000000000e+05,4.000000000000000000e+00,0.000000000000000000e+00
7.620000000000000107e-01,7.029999999999999583e-01,1.000000000000000000e+01,-7.950999999999999623e+00,0.000000000000000000e+00,3.059999999999999942e-01,2.059999999999999887e-01,0.000000000000000000e+00,9.120000000000000329e-02,5.190000000000000169e-01,1.513290000000000077e+02,2.471780000000000000e+05,4.000000000000000000e+00,1.000000000000000000e+00
8.780000000000000027e-01,5.999999999999999778e-01,6.000000000000000000e+00,-7.855999999999999872e+00,1.000000000000000000e+00,1.419999999999999873e-01,4.050000000000000266e-01,0.000000000000000000e+00,1.189999999999999947e-01,5.390000000000000346e-01,7.500600000000000023e+01,1.838910000000000000e+05,4.000000000000000000e+00,1.000000000000000000e+00
4.470000000000000084e-01,4.490000000000000102e-01,2.000000000000000000e+00,-1.063400000000000034e+01,1.000000000000000000e+00,3.760000000000000148e-02,9.340000000000000524e-01,9.609999999999999654e-01,6.969999999999999807e-02,3.599999999999999728e-02,9.246800000000000352e+01,3.154270000000000000e+05,4.000000000000000000e+00,0.000000000000000000e+00
3.790000000000000036e-01,7.499999999999999722e-02,0.000000000000000000e+00,-2.032799999999999940e+01,1.000000000000000000e+00,4.080000000000000293e-02,9.919999999999999929e-01,9.130000000000000338e-01,1.059999999999999970e-01,3.529999999999999805e-02,6.823199999999999932e+01,2.411870000000000000e+05,3.000000000000000000e+00,0.000000000000000000e+00
8.529999999999999805e-01,6.159999999999999920e-01,6.000000000000000000e+00,-8.239000000000000767e+00,0.000000000000000000e+00,2.640000000000000124e-01,1.039999999999999952e-02,0.000000000000000000e+00,6.439999999999999891e-02,6.909999999999999476e-01,1.250589999999999975e+02,1.305600000000000000e+05,4.000000000000000000e+00,1.000000000000000000e+00
3.380000000000000226e-01,9.879999999999999893e-01,8.000000000000000000e+00,-7.290000000000000036e+00,0.000000000000000000e+00,8.649999999999999356e-02,8.349999999999999675e-05,8.329999999999999627e-01,3.769999999999999740e-02,4.490000000000000102e-01,9.904600000000000648e+01,2.219600000000000000e+05,4.000000000000000000e+00,0.000000000000000000e+00
7.199999999999999734e-01,6.700000000000000400e-01,7.000000000000000000e+00,-8.390000000000000568e+00,1.000000000000000000e+00,1.670000000000000095e-01,8.569999999999999840e-02,0.000000000000000000e+00,1.010000000000000064e-01,7.660000000000000142e-01,1.511239999999999952e+02,2.098010000000000000e+05,4.000000000000000000e+00,1.000000000000000000e+00
1.660000000000000087e-01,5.510000000000000314e-02,9.000000000000000000e+00,-1.949399999999999977e+01,0.000000000000000000e+00,5.199999999999999761e-02,9.759999999999999787e-01,6.350000000000000089e-01,1.189999999999999947e-01,1.429999999999999882e-01,1.766160000000000139e+02,2.065200000000000000e+05,3.000000000000000000e+00,0.000000000000000000e+00
9.240000000000000435e-01,7.479999999999999982e-01,2.000000000000000000e+00,-3.645000000000000018e+00,1.000000000000000000e+00,1.880000000000000004e-01,1.739999999999999880e-01,0.000000000000000000e+00,2.069999999999999896e-01,3.810000000000000053e-01,1.210630000000000024e+02,2.096670000000000000e+05,4.000000000000000000e+00,1.000000000000000000e+00
7.770000000000000240e-01,6.979999999999999538e-01,6.000000000000000000e+00,-7.706000000000000405e+00,0.000000000000000000e+00,7.040000000000000424e-02,2.929999999999999827e-01,2.320000000000000149e-05,9.080000000000000571e-02,1.189999999999999947e-01,1.199629999999999939e+02,2.471610000000000000e+05,4.000000000000000000e+00,0.000000000000000000e+00
9.090000000000000302e-01,5.819999999999999618e-01,7.000000000000000000e+00,-5.357000000000000206e+00,1.000000000000000000e+00,6.650000000000000355e-02,6.959999999999999520e-02,4.780000000000000313e-05,9.840000000000000135e-02,8.439999999999999725e-01,1.260630000000000024e+02,2.495980000000000000e+05,4.000000000000000000e+00,0.000000000000000000e+00
7.119999999999999662e-01,5.520000000000000462e-01,1.000000000000000000e+01,-1.548499999999999943e+01,0.000000000000000000e+00,3.629999999999999893e-02,7.520000000000000295e-02,1.199999999999999895e-03,1.499999999999999944e-01,9.609999999999999654e-01,1.036039999999999992e+02,2.816670000000000000e+05,4.000000000000000000e+00,0.000000000000000000e+00
3.629999999999999893e-01,9.939999999999999947e-01,8.000000000000000000e+00,-5.780999999999999694e+00,1.000000000000000000e+00,1.310000000000000053e-01,3.690000000000000246e-05,5.819999999999999618e-01,2.069999999999999896e-01,1.390000000000000124e-01,1.080169999999999959e+02,2.475640000000000000e+05,4.000000000000000000e+00,0.000000000000000000e+00
4.460000000000000075e-01,9.769999999999999796e-01,1.000000000000000000e+01,-5.035999999999999588e+00,0.000000000000000000e+00,7.810000000000000275e-02,5.349999999999999938e-04,4.719999999999999751e-01,1.049999999999999961e-01,3.390000000000000235e-01,1.720589999999999975e+02,2.844000000000000000e+05,4.000000000000000000e+00,0.000000000000000000e+00
5.729999999999999538e-01,5.809999999999999609e-01,1.000000000000000000e+01,-9.025999999999999801e+00,0.000000000000000000e+00,3.390000000000000235e-01,7.530000000000000027e-01,1.390000000000000032e-06,1.300000000000000044e-01,3.509999999999999787e-01,7.650600000000000023e+01,1.693470000000000000e+05,4.000000000000000000e+00,1.000000000000000000e+00
7.780000000000000249e-01,6.320000000000000062e-01,8.000000000000000000e+00,-6.415000000000000036e+00,1.000000000000000000e+00,1.250000000000000000e-01,4.039999999999999841e-02,0.000000000000000000e+00,9.120000000000000329e-02,8.269999999999999574e-01,1.409509999999999934e+02,2.240290000000000000e+05,4.000000000000000000e+00,1.000000000000000000e+00
7.520000000000000018e-01,4.680000000000000271e-01,0.000000000000000000e+00,-9.965999999999999304e+00,1.000000000000000000e+00,3.330000000000000182e-01,8.050000000000000488e-01,0.000000000000000000e+00,1.360000000000000098e-01,7.159999999999999698e-01,8.279500000000000171e+01,1.792530000000000000e+05,4.000000000000000000e+00,1.000000000000000000e+00
7.570000000000000062e-01,4.510000000000000120e-01,2.000000000000000000e+00,-1.112100000000000044e+01,1.000000000000000000e+00,2.919999999999999818e-01,4.850000000000000144e-02,1.560000000000000099e-06,3.370000000000000218e-01,5.060000000000000053e-01,1.500349999999999966e+02,1.670620000000000000e+05,4.000000000000000000e+00,1.000000000000000000e+00
8.890000000000000124e-01,6.460000000000000187e-01,7.000000000000000000e+00,-6.365999999999999659e+00,1.000000000000000000e+00,6.679999999999999827e-02,1.950000000000000067e-01,3.190000000000000290e-05,5.020000000000000157e-02,9.659999999999999698e-01,1.108419999999999987e+02,2.134270000000000000e+05,4.000000000000000000e+00,0.000000000000000000e+00
2.049999999999999878e-01,1.290000000000000036e-01,7.000000000000000000e+00,-1.819699999999999918e+01,1.000000000000000000e+00,5.949999999999999734e-02,9.679999999999999716e-01,9.459999999999999520e-01,1.010000000000000064e-01,2.959999999999999853e-01,1.368710000000000093e+02,1.699240000000000000e+05,4.000000000000000000e+00,0.000000000000000000e+00
6.400000000000000133e-01,9.569999999999999618e-01,8.000000000000000000e+00,-2.335999999999999854e+00,1.000000000000000000e+00,7.409999999999999920e-02,4.309999999999999942e-02,0.000000000000000000e+00,7.889999999999999791e-02,6.919999999999999485e-01,1.349919999999999902e+02,1.780130000000000000e+05,4.000000000000000000e+00,1.000000000000000000e+00
8.159999999999999476e-01,6.670000000000000373e-01,7.000000000000000000e+00,-8.560999999999999943e+00,1.000000000000000000e+00,7.580000000000000626e-02,2.349999999999999867e-01,0.000000000000000000e+00,5.990000000000000185e-02,4.020000000000000240e-01,1.349850000000000136e+02,8.533300000000000000e+04,3.000000000000000000e+00,1.000000000000000000e+00
7.910000000000000364e-01,5.000000000000000000e-01,1.000000000000000000e+00,-9.804999999999999716e+00,0.000000000000000000e+00,4.199999999999999845e-01,6.029999999999999805e-01,0.000000000000000000e+00,9.929999999999999938e-02,4.919999999999999929e-01,1.300269999999999868e+02,1.705820000000000000e+05,4.000000000000000000e+00,1.000000000000000000e+00
6.510000000000000231e-01,8.110000000000000542e-01,1.000000000000000000e+01,-1.386999999999999922e+01,1.000000000000000000e+00,3.180000000000000188e-02,6.479999999999999649e-02,2.929999999999999966e-02,1.000000000000000056e-01,9.619999999999999662e-01,1.121260000000000048e+02,1.865730000000000000e+05,4.000000000000000000e+00,0.000000000000000000e+00
7.159999999999999698e-01,9.459999999999999520e-01,1.000000000000000000e+00,-3.411999999999999922e+00,1.000000000000000000e+00,2.610000000000000098e-01,9.400000000000000022e-02,6.629999999999999880e-05,8.250000000000000389e-02,5.869999999999999662e-01,1.399430000000000121e+02,2.005710000000000000e+05,4.000000000000000000e+00,1.000000000000000000e+00
5.829999999999999627e-01,3.810000000000000053e-01,9.000000000000000000e+00,-1.003299999999999947e+01,0.000000000000000000e+00,4.290000000000000063e-02,4.159999999999999809e-01,2.259999999999999910e-04,9.579999999999999627e-02,1.529999999999999971e-01,1.276670000000000016e+02,3.163780000000000000e+05,4.000000000000000000e+00,0.000000000000000000e+00
4.380000000000000004e-01,8.250000000000000389e-02,9.000000000000000000e+00,-2.168599999999999994e+01,0.000000000000000000e+00,6.950000000000000622e-02,9.829999999999999849e-01,7.489999999999999436e-02,4.610000000000000209e-02,3.699999999999999956e-01,1.062750000000000057e+02,2.700000000000000000e+05,5.000000000000000000e+00,0.000000000000000000e+00
7.980000000000000426e-01,8.349999999999999645e-01,9.000000000000000000e+00,-3.831999999999999851e+00,1.000000000000000000e+00,2.020000000000000129e-01,1.650000000000000078e-01,0.000000000000000000e+00,1.120000000000000023e-01,6.089999999999999858e-01,1.500399999999999920e+02,1.392400000000000000e+05,4.000000000000000000e+00,1.000000000000000000e+00
8.269999999999999574e-01,7.029999999999999583e-01,2.000000000000000000e+00,-4.623000000000000220e+00,1.000000000000000000e+00,1.120000000000000023e-01,6.169999999999999790e-02,0.000000000000000000e+00,4.839999999999999858e-02,5.859999999999999654e-01,1.370430000000000064e+02,2.144560000000000000e+05,4.000000000000000000e+00,1.000000000000000000e+00
3.579999999999999849e-01,9.769999999999999796e-01,8.000000000000000000e+00,-8.179000000000000270e+00,0.000000000000000000e+00,7.270000000000000073e-02,8.179999999999999609e-05,9.240000000000000435e-01,1.029999999999999943e-01,4.490000000000000102e-01,1.376810000000000116e+02,1.941600000000000000e+05,4.000000000000000000e+00,0.000000000000000000e+00
6.159999999999999920e-01,5.340000000000000302e-01,1.000000000000000000e+01,-1.026399999999999935e+01,0.000000000000000000e+00,4.829999999999999849e-01,6.390000000000000124e-01,0.000000000000000000e+00,8.440000000000000280e-02,5.560000000000000497e-01,1.700540000000000020e+02,1.464800000000000000e+05,4.000000000000000000e+00,1.000000000000000000e+00
3.679999999999999938e-01,3.629999999999999980e-03,1.000000000000000000e+00,-3.675900000000000034e+01,1.000000000000000000e+00,3.500000000000000333e-02,9.929999999999999938e-01,9.220000000000000417e-01,1.370000000000000107e-01,8.500000000000000611e-02,6.936299999999999955e+01,2.540000000000000000e+05,3.000000000000000000e+00,0.000000000000000000e+00
6.480000000000000204e-01,7.510000000000000009e-01,8.000000000000000000e+00,-8.582000000000000739e+00,1.000000000000000000e+00,8.060000000000000497e-02,1.820000000000000090e-02,4.009999999999999893e-04,4.179999999999999688e-02,8.629999999999999893e-01,1.004369999999999976e+02,2.448270000000000000e+05,4.000000000000000000e+00,0.000000000000000000e+00
6.560000000000000275e-01,3.810000000000000053e-01,0.000000000000000000e+00,-8.756999999999999673e+00,0.000000000000000000e+00,8.019999999999999352e-02,6.530000000000000249e-01,0.000000000000000000e+00,1.160000000000000059e-01,1.660000000000000087e-01,8.490699999999999648e+01,3.255560000000000000e+05,4.000000000000000000e+00,0.000000000000000000e+00
6.710000000000000409e-01,5.839999999999999636e-01,9.000000000000000000e+00,-9.958999999999999631e+00,0.000000000000000000e+00,5.400000000000000355e-01,6.500000000000000222e-01,0.000000000000000000e+00,1.280000000000000027e-01,3.659999999999999920e-01,1.193029999999999973e+02,2.094400000000000000e+05,5.000000000000000000e+00,1.000000000000000000e+00
4.630000000000000226e-01,1.549999999999999989e-01,5.000000000000000000e+00,-1.716400000000000148e+01,1.000000000000000000e+00,4.399999999999999745e-02,8.770000000000000018e-01,2.610000000000000098e-01,1.049999999999999961e-01,2.220000000000000029e-01,1.224369999999999976e+02,3.017200000000000000e+05,4.000000000000000000e+00,0.000000000000000000e+00
7.980000000000000426e-01,5.669999999999999485e-01,7.000000000000000000e+00,-6.610000000000000320e+00,1.000000000000000000e+00,4.159999999999999809e-01,1.219999999999999973e-01,0.000000000000000000e+00,1.010000000000000064e-01,6.590000000000000302e-01,7.367900000000000205e+01,9.405400000000000000e+04,4.000000000000000000e+00,1.000000000000000000e+00
2.800000000000000266e-01,1.039999999999999952e-01,2.000000000000000000e+00,-1.980199999999999960e+01,1.000000000000000000e+00,3.359999999999999792e-02,9.350000000000000533e-01,8.659999999999999920e-01,3.619999999999999885e-01,1.759999999999999898e-01,9.262800000000000011e+01,3.100000000000000000e+05,4.000000000000000000e+00,0.000000000000000000e+00
8.159999999999999476e-01,4.329999999999999960e-01,1.000000000000000000e+00,-9.189999999999999503e+00,1.000000000000000000e+00,2.409999999999999920e-01,4.709999999999999777e-03,0.000000000000000000e+00,1.320000000000000062e-01,6.760000000000000453e-01,1.479420000000000073e+02,2.250000000000000000e+05,4.000000000000000000e+00,1.000000000000000000e+00
3.639999999999999902e-01,7.990000000000000574e-03,8.000000000000000000e+00,-3.309000000000000341e+01,1.000000000000000000e+00,3.950000000000000039e-02,9.779999999999999805e-01,8.940000000000000169e-01,1.089999999999999997e-01,6.740000000000000158e-02,1.012259999999999991e+02,2.160930000000000000e+05,4.000000000000000000e+00,0.000000000000000000e+00
6.089999999999999858e-01,5.170000000000000151e-01,6.000000000000000000e+00,-7.557000000000000384e+00,0.000000000000000000e+00,4.510000000000000120e-02,2.310000000000000109e-01,3.619999999999999900e-05,7.770000000000000517e-02,7.610000000000000098e-02,1.209140000000000015e+02,2.856270000000000000e+05,4.000000000000000000e+00,0.000000000000000000e+00
3.180000000000000049e-01,6.329999999999999516e-02,6.000000000000000000e+00,-2.386899999999999977e+01,1.000000000000000000e+00,5.070000000000000201e-02,9.919999999999999929e-01,8.709999999999999964e-01,8.309999999999999332e-02,3.839999999999999664e-02,1.294660000000000082e+02,1.991330000000000000e+05,3.000000000000000000e+00,0.000000000000000000e+00
3.569999999999999840e-01,9.799999999999999822e-01,6.000000000000000000e+00,-6.834999999999999964e+00,1.000000000000000000e+00,7.900000000000000078e-02,5.220000000000000166e-05,8.429999999999999716e-01,7.679999999999999327e-02,3.679999999999999938e-01,9.696899999999999409e+01,2.427600000000000000e+05,4.000000000000000000e+00,0.000000000000000000e+00
1.380000000000000115e-01,9.909999999999999920e-01,8.000000000000000000e+00,-5.660999999999999588e+00,1.000000000000000000e+00,1.749999999999999889e-01,1.529999999999999920e-05,8.309999999999999609e-01,3.370000000000000218e-01,7.180000000000000271e-02,9.444299999999999784e+01,2.442390000000000000e+05,1.000000000000000000e+00,0.000000000000000000e+00
2.899999999999999800e-01,9.340000000000000524e-01,1.000000000000000000e+01,-4.679000000000000270e+00,0.000000000000000000e+00,9.619999999999999385e-02,3.249999999999999851e-04,8.529999999999999805e-01,4.530000000000000138e-01,1.799999999999999933e-01,1.128340000000000032e+02,2.258670000000000000e+05,3.000000000000000000e+00,0.000000000000000000e+00
8.499999999999999778e-01,8.529999999999999805e-01,8.000000000000000000e+00,-5.650000000000000355e+00,1.000000000000000000e+00,1.229999999999999982e-01,1.549999999999999989e-02,0.000000000000000000e+00,1.049999999999999961e-01,7.339999999999999858e-01,1.420300000000000011e+02,1.369010000000000000e+05,4.000000000000000000e+00,1.000000000000000000e+00
7.840000000000000302e-01,9.020000000000000240e-01,1.100000000000000000e+01,-5.307999999999999829e+00,0.000000000000000000e+00,4.340000000000000108e-02,3.079999999999999839e-03,2.329999999999999986e-04,1.300000000000000044e-01,2.710000000000000187e-01,1.000070000000000050e+02,1.860410000000000000e+05,4.000000000000000000e+00,1.000000000000000000e+00
7.790000000000000258e-01,7.049999999999999600e-01,4.000000000000000000e+00,-7.833999999999999631e+00,0.000000000000000000e+00,8.269999999999999574e-02,2.770000000000000240e-01,0.000000000000000000e+00,8.039999999999999925e-02,2.280000000000000082e-01,1.030480000000000018e+02,2.335970000000000000e+05,4.000000000000000000e+00,0.000000000000000000e+00
7.399999999999999911e-01,4.030000000000000249e-01,6.000000000000000000e+00,-9.310999999999999943e+00,0.000000000000000000e+00,6.350000000000000089e-02,5.090000000000000080e-01,2.469999999999999973e-02,1.039999999999999952e-01,3.310000000000000164e-01,1.380130000000000052e+02,1.731200000000000000e+05,4.000000000000000000e+00,1.000000000000000000e+00
1.960000000000000075e-01,9.829999999999999849e-01,8.000000000000000000e+00,-8.465999999999999304e+00,0.000000000000000000e+00,8.179999999999999771e-02,3.050000000000000021e-06,9.190000000000000391e-01,9.589999999999999913e-02,3.160000000000000031e-01,1.796610000000000014e+02,1.838270000000000000e+05,4.000000000000000000e+00,0.000000000000000000e+00
6.560000000000000275e-01,9.000000000000000222e-01,5.000000000000000000e+00,-9.583000000000000185e+00,0.000000000000000000e+00,3.540000000000000091e-02,7.910000000000000364e-02,1.420000000000000038e-03,3.539999999999999813e-01,9.469999999999999529e-01,1.086979999999999933e+02,1.836670000000000000e+05,4.000000000000000000e+00,0.000000000000000000e+00
8.669999999999999929e-01,4.570000000000000173e-01,1.000000000000000000e+00,-7.908000000000000362e+00,1.000000000000000000e+00,2.369999999999999885e-01,9.869999999999999607e-02,0.000000000000000000e+00,9.669999999999999429e-02,1.930000000000000049e-01,1.010520000000000067e+02,2.107330000000000000e+05,4.000000000000000000e+00,1.000000000000000000e+00
7.219999999999999751e-01,7.359999999999999876e-01,3.000000000000000000e+00,-6.993999999999999773e+00,0.000000000000000000e+00,5.850000000000000339e-02,4.309999999999999942e-01,1.179999999999999925e-06,1.229999999999999982e-01,5.819999999999999618e-01,8.985999999999999943e+01,2.089200000000000000e+05,4.000000000000000000e+00,1.000000000000000000e+00
1.910000000000000031e-01,5.820000000000000173e-02,8.000000000000000000e+00,-2.539799999999999969e+01,1.000000000000000000e+00,5.779999999999999721e-02,9.609999999999999654e-01,8.900000000000000133e-01,9.410000000000000309e-02,4.540000000000000285e-02,1.326140000000000043e+02,3.577070000000000000e+05,1.000000000000000000e+00,0.000000000000000000e+00
7.670000000000000151e-01,6.590000000000000302e-01,7.000000000000000000e+00,-4.541000000000000369e+00,1.000000000000000000e+00,3.869999999999999829e-02,7.850000000000000311e-01,0.000000000000000000e+00,1.120000000000000023e-01,6.310000000000000053e-01,9.005599999999999739e+01,1.867200000000000000e+05,4.000000000000000000e+00,1.000000000000000000e+00
7.920000000000000373e-01,6.270000000000000018e-01,0.000000000000000000e+00,-7.464000000000000412e+00,1.000000000000000000e+00,2.750000000000000222e-01,3.049999999999999933e-01,0.000000000000000000e+00,7.799999999999999989e-02,6.450000000000000178e-01,1.550300000000000011e+02,1.509150000000000000e+05,4.000000000000000000e+00,1.000000000000000000e+00
6.840000000000000524e-01,6.400000000000000133e-01,5.000000000000000000e+00,-9.906000000000000583e+00,0.000000000000000000e+00,3.090000000000000038e-02,2.210000000000000020e-01,1.020000000000000073e-02,1.789999999999999925e-01,7.770000000000000240e-01,1.060229999999999961e+02,2.342670000000000000e+05,4.000000000000000000e+00,0.000000000000000000e+00
8.000000000000000444e-01,7.189999999999999725e-01,7.000000000000000000e+00,-6.261999999999999567e+00,1.000000000000000000e+00,2.340000000000000135e-01,1.089999999999999997e-01,0.000000000000000000e+00,5.800000000000000294e-02,8.149999999999999467e-01,1.439749999999999943e+02,2.308540000000000000e+05,4.000000000000000000e+00,1.000000000000000000e+00
8.259999999999999565e-01,7.600000000000000089e-01,1.100000000000000000e+01,-6.381999999999999673e+00,0.000000000000000000e+00,1.170000000000000068e-01,3.920000000000000151e-01,0.000000000000000000e+00,1.320000000000000062e-01,8.129999999999999449e-01,9.997400000000000375e+01,2.162850000000000000e+05,4.000000000000000000e+00,0.000000000000000000e+00
5.330000000000000293e-01,5.929999999999999716e-01,1.100000000000000000e+01,-5.283999999999999808e+00,1.000000000000000000e+00,5.809999999999999887e-02,1.559999999999999998e-01,2.620000000000000107e-02,8.190000000000000058e-02,8.880000000000000393e-02,1.286459999999999866e+02,1.585470000000000000e+05,5.000000000000000000e+00,1.000000000000000000e+00
8.030000000000000471e-01,6.239999999999999991e-01,7.000000000000000000e+00,-6.764000000000000234e+00,0.000000000000000000e+00,4.769999999999999934e-02,4.510000000000000120e-01,7.339999999999999520e-04,1.000000000000000056e-01,6.280000000000000027e-01,9.596800000000000352e+01,3.045240000000000000e+05,4.000000000000000000e+00,0.000000000000000000e+00
9.459999999999999520e-01,8.479999999999999760e-01,9.000000000000000000e+00,-3.668000000000000149e+00,1.000000000000000000e+00,1.580000000000000016e-01,5.130000000000000115e-01,0.000000000000000000e+00,1.120000000000000023e-01,6.520000000000000240e-01,1.200259999999999962e+02,1.840000000000000000e+05,4.000000000000000000e+00,1.000000000000000000e+00
7.970000000000000417e-01,8.519999999999999796e-01,8.000000000000000000e+00,-5.201999999999999957e+00,1.000000000000000000e+00,2.409999999999999920e-01,5.550000000000000072e-02,2.449999999999999921e-05,5.360000000000000181e-02,4.799999999999999822e-01,1.360349999999999966e+02,1.023530000000000000e+05,4.000000000000000000e+00,1.000000000000000000e+00
7.890000000000000346e-01,8.399999999999999689e-01,9.000000000000000000e+00,-5.290000000000000036e+00,1.000000000000000000e+00,9.700000000000000289e-02,3.090000000000000038e-02,0.000000000000000000e+00,9.160000000000000087e-02,4.939999999999999947e-01,1.360589999999999975e+02,8.400000000000000000e+04,4.000000000000000000e+00,1.000000000000000000e+00
4.829999999999999849e-01,9.409999999999999476e-01,2.000000000000000000e+00,-3.597999999999999865e+00,0.000000000000000000e+00,5.750000000000000250e-02,5.259999999999999919e-04,3.499999999999999947e-06,3.099999999999999978e-01,5.030000000000000027e-01,1.560329999999999870e+02,2.320670000000000000e+05,4.000000000000000000e+00,1.000000000000000000e+00
5.639999999999999458e-01,7.429999999999999938e-01,6.000000000000000000e+00,-5.782000000000000028e+00,1.000000000000000000e+00,2.200000000000000011e-01,5.839999999999999636e-01,0.000000000000000000e+00,1.010000000000000064e-01,1.910000000000000031e-01,1.688489999999999895e+02,1.856670000000000000e+05,4.000000000000000000e+00,1.000000000000000000e+00
2.129999999999999949e-01,6.560000000000000553e-02,7.000000000000000000e+00,-2.480999999999999872e+01,1.000000000000000000e+00,4.669999999999999846e-02,9.919999999999999929e-01,9.689999999999999725e-01,6.990000000000000380e-02,3.839999999999999664e-02,6.502299999999999613e+01,1.501470000000000000e+05,3.000000000000000000e+00,0.000000000000000000e+00
4.610000000000000209e-01,9.180000000000000382e-01,4.000000000000000000e+00,-8.506999999999999673e+00,1.000000000000000000e+00,9.589999999999999913e-02,4.050000000000000266e-01,3.299999999999999982e-04,1.260000000000000009e-01,8.020000000000000462e-01,1.724350000000000023e+02,2.499600000000000000e+05,4.000000000000000000e+00,0.000000000000000000e+00
2.510000000000000009e-01,9.809999999999999831e-01,1.000000000000000000e+01,-7.282000000000000028e+00,0.000000000000000000e+00,1.179999999999999938e-01,6.270000000000000616e-05,7.289999999999999813e-01,2.190000000000000002e-01,2.750000000000000222e-01,9.933799999999999386e+01,3.753070000000000000e+05,4.000000000000000000e+00,0.000000000000000000e+00
7.950000000000000400e-01,4.919999999999999929e-01,0.000000000000000000e+00,-1.077500000000000036e+01,1.000000000000000000e+00,3.260000000000000120e-01,4.159999999999999809e-01,0.000000000000000000e+00,1.859999999999999987e-01,6.490000000000000213e-01,1.569900000000000091e+02,9.553300000000000000e+04,4.000000000000000000e+00,1.000000000000000000e+00
2.610000000000000098e-01,1.490000000000000005e-02,1.000000000000000000e+00,-2.752799999999999869e+01,1.000000000000000000e+00,4.189999999999999974e-02,9.919999999999999929e-01,8.970000000000000195e-01,1.019999999999999934e-01,3.819999999999999785e-02,7.529600000000000648e+01,2.869870000000000000e+05,4.000000000000000000e+00,0.000000000000000000e+00
7.520000000000000018e-01,9.050000000000000266e-01,1.100000000000000000e+01,-7.014999999999999680e+00,0.000000000000000000e+00,1.809999999999999942e-01,9.310000000000000220e-02,7.389999999999999651e-04,3.549999999999999822e-01,5.210000000000000187e-01,1.509910000000000139e+02,1.791070000000000000e+05,4.000000000000000000e+00,1.000000000000000000e+00
2.969999999999999862e-01,9.929999999999999938e-01,9.000000000000000000e+00,-7.173000000000000043e+00,1.000000000000000000e+00,1.179999999999999938e-01,5.660000000000000019e-05,7.700000000000000178e-01,7.660000000000000142e-02,1.779999999999999916e-01,1.276929999999999978e+02,1.824270000000000000e+05,4.000000000000000000e+00,0.000000000000000000e+00
8.299999999999999600e-01,7.069999999999999618e-01,2.000000000000000000e+00,-5.777000000000000135e+00,1.000000000000000000e+00,2.770000000000000240e-01,1.670000000000000095e-01,0.000000000000000000e+00,7.969999999999999307e-02,6.820000000000000506e-01,1.461539999999999964e+02,1.906850000000000000e+05,4.000000000000000000e+00,1.000000000000000000e+00
6.969999999999999529e-01,8.090000000000000524e-01,9.000000000000000000e+00,-8.196999999999999176e+00,1.000000000000000000e+00,3.020000000000000115e-02,1.140000000000000041e-01,5.209999999999999788e-04,1.829999999999999960e-01,9.799999999999999822e-01,1.259410000000000025e+02,2.148270000000000000e+05,4.000000000000000000e+00,0.000000000000000000e+00
